payment_id,order_id,payment_method,payment_status,payment_date
1,1,Debit Card,Completed,2024-03-02
2,2,Debit Card,Completed,2024-03-04
3,3,Credit Card,Pending,2024-03-30
4,4,Credit Card,Pending,2024-05-05
5,5,Debit Card,Pending,2024-02-08
6,6,UPI,Pending,2024-04-03
7,7,Bank Transfer,Pending,2024-07-11
8,8,UPI,Pending,2024-03-17
9,9,PayPal,Completed,2024-01-24
10,10,Bank Transfer,Failed,2024-04-14
11,11,Bank Transfer,Completed,2024-01-19
12,12,Credit Card,Failed,2024-05-13
13,13,Debit Card,Completed,2024-03-14
14,14,PayPal,Failed,2024-03-14
15,15,UPI,Completed,2024-01-27
16,16,Credit Card,Pending,2024-07-19
17,17,Debit Card,Pending,2024-04-24
18,18,Credit Card,Completed,2024-04-09
19,19,Debit Card,Completed,2024-04-14
20,20,Credit Card,Failed,2024-06-13
21,21,UPI,Pending,2024-03-18
22,22,Debit Card,Failed,2024-01-20
23,23,UPI,Completed,2024-02-10
24,24,Bank Transfer,Failed,2024-03-08
25,25,Bank Transfer,Pending,2024-01-06
26,26,Bank Transfer,Completed,2024-03-09
27,27,Debit Card,Pending,2024-07-18
28,28,Debit Card,Completed,2024-01-16
29,29,Credit Card,Completed,2024-04-08
30,30,Credit Card,Failed,2024-01-24
31,31,Credit Card,Pending,2024-05-22
32,32,Bank Transfer,Completed,2024-01-20
33,33,PayPal,Completed,2024-02-03
34,34,PayPal,Pending,2024-04-01
35,35,UPI,Completed,2024-07-16
36,36,PayPal,Failed,2024-04-09
37,37,Debit Card,Completed,2024-04-24
38,38,UPI,Failed,2024-01-01
39,39,Bank Transfer,Pending,2024-01-08
40,40,Credit Card,Completed,2024-05-14
41,41,UPI,Pending,2024-01-24
42,42,PayPal,Completed,2024-02-02
43,43,Credit Card,Failed,2024-04-22
44,44,Debit Card,Completed,2024-03-20
45,45,Debit Card,Failed,2024-06-30
46,46,Credit Card,Pending,2024-06-11
47,47,UPI,Completed,2024-03-29
48,48,Bank Transfer,Failed,2024-07-19
49,49,Bank Transfer,Failed,2024-07-06
50,50,PayPal,Failed,2024-03-20
51,51,Credit Card,Pending,2024-04-28
52,52,UPI,Pending,2024-01-27
53,53,PayPal,Pending,2024-02-01
54,54,Debit Card,Pending,2024-04-08
55,55,Credit Card,Pending,2024-03-10
56,56,Credit Card,Failed,2024-01-27
57,57,Bank Transfer,Failed,2024-01-23
58,58,Debit Card,Failed,2024-03-03
59,59,Debit Card,Pending,2024-01-21
60,60,Bank Transfer,Pending,2024-06-18
61,61,Debit Card,Failed,2024-03-22
62,62,Debit Card,Failed,2024-07-17
63,63,Bank Transfer,Pending,2024-03-06
64,64,PayPal,Completed,2024-06-05
65,65,UPI,Failed,2024-02-12
66,66,PayPal,Pending,2024-07-08
67,67,UPI,Failed,2024-01-06
68,68,Debit Card,Completed,2024-06-22
69,69,Debit Card,Pending,2024-01-12
70,70,Bank Transfer,Pending,2024-05-12
71,71,Debit Card,Pending,2024-05-19
72,72,Credit Card,Pending,2024-04-07
73,73,UPI,Failed,2024-03-02
74,74,UPI,Pending,2024-02-15
75,75,UPI,Completed,2024-03-25
76,76,Bank Transfer,Completed,2024-02-10
77,77,Debit Card,Failed,2024-01-06
78,78,Bank Transfer,Pending,2024-06-20
79,79,PayPal,Failed,2024-07-01
80,80,Credit Card,Completed,2024-04-22
81,81,UPI,Failed,2024-06-01
82,82,Debit Card,Completed,2024-06-14
83,83,Credit Card,Completed,2024-06-10
84,84,Credit Card,Pending,2024-01-07
85,85,UPI,Failed,2024-07-17
86,86,PayPal,Pending,2024-06-14
87,87,PayPal,Completed,2024-03-29
88,88,Bank Transfer,Completed,2024-04-11
89,89,Credit Card,Pending,2024-01-10
90,90,PayPal,Failed,2024-05-20
91,91,PayPal,Pending,2024-04-09
92,92,Bank Transfer,Completed,2024-02-24
93,93,Debit Card,Failed,2024-06-24
94,94,Bank Transfer,Pending,2024-03-12
95,95,Credit Card,Completed,2024-06-16
96,96,Credit Card,Failed,2024-04-10
97,97,Bank Transfer,Pending,2024-02-20
98,98,Debit Card,Failed,2024-04-11
99,99,Bank Transfer,Completed,2024-01-31
100,100,PayPal,Pending,2024-06-29
101,101,Debit Card,Failed,2024-01-02
102,102,Bank Transfer,Failed,2024-06-02
103,103,UPI,Completed,2024-03-15
104,104,UPI,Completed,2024-06-21
105,105,PayPal,Pending,2024-05-03
106,106,Credit Card,Completed,2024-05-29
107,107,Credit Card,Failed,2024-02-29
108,108,Credit Card,Failed,2024-06-12
109,109,Credit Card,Failed,2024-01-14
110,110,Bank Transfer,Failed,2024-05-26
111,111,Debit Card,Pending,2024-05-08
112,112,Credit Card,Failed,2024-01-27
113,113,Bank Transfer,Completed,2024-01-15
114,114,Debit Card,Failed,2024-06-26
115,115,UPI,Pending,2024-01-06
116,116,Credit Card,Failed,2024-01-06
117,117,UPI,Pending,2024-04-17
118,118,Bank Transfer,Completed,2024-02-29
119,119,Credit Card,Completed,2024-01-09
120,120,PayPal,Pending,2024-05-25
121,121,Bank Transfer,Pending,2024-03-05
122,122,Credit Card,Failed,2024-02-02
123,123,PayPal,Pending,2024-05-11
124,124,Debit Card,Failed,2024-04-26
125,125,Credit Card,Failed,2024-02-21
126,126,Credit Card,Failed,2024-03-14
127,127,Debit Card,Pending,2024-06-17
128,128,Bank Transfer,Completed,2024-04-04
129,129,PayPal,Failed,2024-06-19
130,130,Debit Card,Pending,2024-02-12
131,131,Credit Card,Completed,2024-06-13
132,132,Credit Card,Completed,2024-03-07
133,133,Bank Transfer,Completed,2024-01-29
134,134,Bank Transfer,Pending,2024-02-11
135,135,UPI,Failed,2024-03-27
136,136,PayPal,Completed,2024-05-04
137,137,PayPal,Failed,2024-02-19
138,138,Bank Transfer,Pending,2024-04-18
139,139,PayPal,Pending,2024-03-31
140,140,PayPal,Pending,2024-03-24
141,141,Debit Card,Pending,2024-07-11
142,142,Bank Transfer,Failed,2024-01-29
143,143,Credit Card,Failed,2024-06-05
144,144,UPI,Failed,2024-03-23
145,145,Credit Card,Pending,2024-01-10
146,146,PayPal,Pending,2024-04-13
147,147,PayPal,Pending,2024-03-10
148,148,UPI,Completed,2024-03-18
149,149,PayPal,Pending,2024-03-15
150,150,Debit Card,Failed,2024-06-30
151,151,Bank Transfer,Pending,2024-06-21
152,152,UPI,Pending,2024-01-22
153,153,Bank Transfer,Pending,2024-05-21
154,154,Bank Transfer,Failed,2024-06-05
155,155,Bank Transfer,Failed,2024-01-11
156,156,Bank Transfer,Pending,2024-06-07
157,157,UPI,Completed,2024-03-19
158,158,Credit Card,Failed,2024-01-30
159,159,PayPal,Completed,2024-03-27
160,160,Debit Card,Failed,2024-02-19
161,161,Debit Card,Failed,2024-01-11
162,162,Debit Card,Pending,2024-05-06
163,163,UPI,Failed,2024-01-30
164,164,Credit Card,Pending,2024-05-22
165,165,Credit Card,Pending,2024-05-22
166,166,Debit Card,Completed,2024-07-17
167,167,Debit Card,Completed,2024-01-18
168,168,Credit Card,Pending,2024-01-22
169,169,Credit Card,Completed,2024-01-05
170,170,Bank Transfer,Failed,2024-06-23
171,171,Debit Card,Completed,2024-05-01
172,172,Debit Card,Completed,2024-06-11
173,173,Credit Card,Completed,2024-04-22
174,174,Bank Transfer,Failed,2024-03-02
175,175,Credit Card,Failed,2024-07-15
176,176,Bank Transfer,Pending,2024-05-15
177,177,PayPal,Pending,2024-03-04
178,178,Debit Card,Pending,2024-03-13
179,179,PayPal,Pending,2024-04-28
180,180,UPI,Completed,2024-04-23
181,181,UPI,Failed,2024-01-30
182,182,UPI,Completed,2024-05-13
183,183,Debit Card,Completed,2024-06-15
184,184,PayPal,Failed,2024-03-30
185,185,PayPal,Pending,2024-02-04
186,186,Credit Card,Pending,2024-02-20
187,187,Credit Card,Completed,2024-03-04
188,188,Credit Card,Completed,2024-02-02
189,189,Credit Card,Failed,2024-06-19
190,190,Credit Card,Failed,2024-05-06
191,191,Bank Transfer,Failed,2024-04-20
192,192,PayPal,Pending,2024-06-18
193,193,PayPal,Completed,2024-04-22
194,194,Debit Card,Failed,2024-06-02
195,195,Debit Card,Completed,2024-04-10
196,196,UPI,Failed,2024-06-17
197,197,UPI,Pending,2024-01-25
198,198,Debit Card,Completed,2024-06-23
199,199,Credit Card,Pending,2024-04-07
200,200,UPI,Failed,2024-02-10
201,201,UPI,Failed,2024-04-10
202,202,Bank Transfer,Pending,2024-02-05
203,203,Debit Card,Failed,2024-03-23
204,204,Bank Transfer,Completed,2024-05-25
205,205,Bank Transfer,Failed,2024-05-13
206,206,Bank Transfer,Failed,2024-03-05
207,207,UPI,Completed,2024-06-01
208,208,UPI,Failed,2024-02-25
209,209,Debit Card,Failed,2024-05-14
210,210,Credit Card,Failed,2024-03-24
211,211,UPI,Pending,2024-06-09
212,212,Debit Card,Failed,2024-07-05
213,213,Credit Card,Failed,2024-03-28
214,214,Debit Card,Failed,2024-04-14
215,215,Credit Card,Pending,2024-02-25
216,216,Bank Transfer,Completed,2024-05-05
217,217,PayPal,Failed,2024-06-21
218,218,PayPal,Completed,2024-07-04
219,219,Debit Card,Failed,2024-06-17
220,220,Debit Card,Completed,2024-05-07
221,221,UPI,Failed,2024-04-15
222,222,PayPal,Completed,2024-04-06
223,223,UPI,Failed,2024-01-12
224,224,PayPal,Pending,2024-05-07
225,225,Debit Card,Pending,2024-07-15
226,226,Credit Card,Completed,2024-05-16
227,227,PayPal,Pending,2024-06-25
228,228,PayPal,Completed,2024-05-19
229,229,Credit Card,Completed,2024-03-30
230,230,Debit Card,Pending,2024-01-09
231,231,PayPal,Failed,2024-07-12
232,232,Bank Transfer,Completed,2024-05-04
233,233,Credit Card,Failed,2024-05-31
234,234,UPI,Completed,2024-01-03
235,235,Debit Card,Failed,2024-07-13
236,236,Debit Card,Pending,2024-04-12
237,237,Bank Transfer,Completed,2024-01-01
238,238,PayPal,Completed,2024-02-11
239,239,Debit Card,Failed,2024-01-26
240,240,PayPal,Pending,2024-05-26
241,241,UPI,Pending,2024-04-23
242,242,Credit Card,Pending,2024-05-18
243,243,UPI,Pending,2024-03-13
244,244,Bank Transfer,Pending,2024-03-29
245,245,Credit Card,Pending,2024-06-23
246,246,UPI,Pending,2024-05-11
247,247,UPI,Pending,2024-06-13
248,248,Credit Card,Completed,2024-06-12
249,249,Bank Transfer,Failed,2024-03-29
250,250,UPI,Completed,2024-01-03
251,251,Credit Card,Pending,2024-01-29
252,252,Bank Transfer,Pending,2024-03-08
253,253,Credit Card,Completed,2024-03-22
254,254,Bank Transfer,Completed,2024-02-05
255,255,PayPal,Failed,2024-03-30
256,256,Bank Transfer,Pending,2024-02-22
257,257,PayPal,Failed,2024-03-11
258,258,Credit Card,Pending,2024-01-28
259,259,UPI,Pending,2024-03-15
260,260,Bank Transfer,Pending,2024-03-24
261,261,Debit Card,Completed,2024-01-19
262,262,Debit Card,Completed,2024-01-22
263,263,Debit Card,Failed,2024-05-24
264,264,Bank Transfer,Failed,2024-01-17
265,265,UPI,Completed,2024-07-06
266,266,UPI,Pending,2024-04-08
267,267,Credit Card,Pending,2024-05-14
268,268,UPI,Completed,2024-03-27
269,269,Debit Card,Pending,2024-05-14
270,270,Credit Card,Completed,2024-04-19
271,271,UPI,Pending,2024-05-04
272,272,Bank Transfer,Failed,2024-04-11
273,273,PayPal,Pending,2024-06-10
274,274,Credit Card,Pending,2024-07-07
275,275,Bank Transfer,Completed,2024-03-29
276,276,Credit Card,Pending,2024-03-04
277,277,PayPal,Pending,2024-02-09
278,278,Debit Card,Pending,2024-06-24
279,279,PayPal,Failed,2024-05-24
280,280,UPI,Pending,2024-06-23
281,281,UPI,Completed,2024-06-03
282,282,Credit Card,Pending,2024-05-04
283,283,Debit Card,Completed,2024-04-13
284,284,Debit Card,Failed,2024-02-17
285,285,Debit Card,Completed,2024-03-05
286,286,Credit Card,Completed,2024-05-11
287,287,PayPal,Failed,2024-07-13
288,288,UPI,Pending,2024-07-05
289,289,Credit Card,Completed,2024-01-13
290,290,Credit Card,Pending,2024-04-05
291,291,Credit Card,Completed,2024-01-24
292,292,Debit Card,Failed,2024-05-16
293,293,PayPal,Failed,2024-06-09
294,294,Bank Transfer,Completed,2024-07-06
295,295,Credit Card,Completed,2024-01-18
296,296,Bank Transfer,Failed,2024-02-29
297,297,Debit Card,Pending,2024-02-06
298,298,Debit Card,Pending,2024-05-14
299,299,PayPal,Failed,2024-01-20
300,300,Debit Card,Completed,2024-02-08
301,301,Debit Card,Completed,2024-07-12
302,302,UPI,Pending,2024-05-17
303,303,Bank Transfer,Failed,2024-02-16
304,304,Credit Card,Failed,2024-04-15
305,305,Debit Card,Completed,2024-05-26
306,306,Bank Transfer,Failed,2024-03-03
307,307,Bank Transfer,Failed,2024-06-15
308,308,Debit Card,Failed,2024-02-12
309,309,Bank Transfer,Pending,2024-03-25
310,310,PayPal,Pending,2024-03-11
311,311,PayPal,Pending,2024-01-10
312,312,Credit Card,Failed,2024-07-19
313,313,Bank Transfer,Pending,2024-02-23
314,314,Debit Card,Pending,2024-02-14
315,315,Bank Transfer,Pending,2024-03-18
316,316,Debit Card,Failed,2024-04-04
317,317,Credit Card,Failed,2024-05-17
318,318,PayPal,Failed,2024-05-13
319,319,Debit Card,Pending,2024-05-26
320,320,UPI,Failed,2024-06-22
321,321,Bank Transfer,Failed,2024-05-08
322,322,Credit Card,Pending,2024-06-18
323,323,Bank Transfer,Completed,2024-02-06
324,324,Bank Transfer,Pending,2024-05-13
325,325,PayPal,Pending,2024-02-22
326,326,Credit Card,Pending,2024-01-07
327,327,PayPal,Completed,2024-04-09
328,328,Bank Transfer,Completed,2024-03-03
329,329,UPI,Failed,2024-04-23
330,330,Bank Transfer,Failed,2024-05-24
331,331,Debit Card,Pending,2024-07-16
332,332,Credit Card,Completed,2024-01-18
333,333,PayPal,Pending,2024-05-21
334,334,Credit Card,Pending,2024-02-24
335,335,PayPal,Failed,2024-07-12
336,336,Debit Card,Pending,2024-02-10
337,337,PayPal,Failed,2024-06-16
338,338,Credit Card,Failed,2024-03-05
339,339,Debit Card,Pending,2024-01-02
340,340,Debit Card,Pending,2024-01-30
341,341,PayPal,Completed,2024-07-02
342,342,Credit Card,Pending,2024-04-21
343,343,PayPal,Failed,2024-05-20
344,344,Credit Card,Pending,2024-07-13
345,345,Credit Card,Pending,2024-01-16
346,346,PayPal,Completed,2024-03-25
347,347,PayPal,Pending,2024-03-07
348,348,Debit Card,Failed,2024-05-24
349,349,PayPal,Failed,2024-03-21
350,350,Credit Card,Pending,2024-06-07
351,351,Debit Card,Pending,2024-01-04
352,352,PayPal,Failed,2024-06-15
353,353,Credit Card,Pending,2024-01-17
354,354,Bank Transfer,Pending,2024-01-29
355,355,Credit Card,Completed,2024-01-02
356,356,Credit Card,Failed,2024-05-30
357,357,Debit Card,Pending,2024-02-12
358,358,PayPal,Pending,2024-05-08
359,359,Debit Card,Pending,2024-03-02
360,360,UPI,Completed,2024-07-04
361,361,UPI,Failed,2024-02-23
362,362,UPI,Pending,2024-04-02
363,363,Credit Card,Failed,2024-05-14
364,364,PayPal,Completed,2024-07-15
365,365,PayPal,Completed,2024-05-18
366,366,Credit Card,Failed,2024-02-22
367,367,Bank Transfer,Failed,2024-01-18
368,368,Bank Transfer,Completed,2024-07-02
369,369,Debit Card,Failed,2024-05-13
370,370,Bank Transfer,Pending,2024-05-14
371,371,Bank Transfer,Pending,2024-06-18
372,372,PayPal,Completed,2024-03-06
373,373,PayPal,Pending,2024-07-13
374,374,Credit Card,Pending,2024-02-11
375,375,UPI,Completed,2024-06-11
376,376,UPI,Pending,2024-04-25
377,377,Bank Transfer,Pending,2024-04-10
378,378,UPI,Completed,2024-07-05
379,379,PayPal,Failed,2024-03-23
380,380,Debit Card,Completed,2024-06-29
381,381,PayPal,Failed,2024-06-13
382,382,Credit Card,Completed,2024-04-09
383,383,Bank Transfer,Pending,2024-01-26
384,384,Credit Card,Pending,2024-02-25
385,385,Bank Transfer,Pending,2024-04-18
386,386,UPI,Pending,2024-01-03
387,387,Debit Card,Failed,2024-05-04
388,388,PayPal,Failed,2024-04-27
389,389,Debit Card,Failed,2024-06-28
390,390,UPI,Completed,2024-06-26
391,391,Bank Transfer,Failed,2024-05-06
392,392,Debit Card,Completed,2024-06-24
393,393,PayPal,Pending,2024-05-15
394,394,PayPal,Pending,2024-06-18
395,395,PayPal,Completed,2024-05-10
396,396,Bank Transfer,Pending,2024-02-07
397,397,Credit Card,Failed,2024-03-02
398,398,Bank Transfer,Completed,2024-04-10
399,399,PayPal,Pending,2024-03-30
400,400,Bank Transfer,Failed,2024-01-08
401,401,Debit Card,Failed,2024-03-31
402,402,PayPal,Pending,2024-03-18
403,403,PayPal,Failed,2024-01-31
404,404,Credit Card,Pending,2024-01-14
405,405,Credit Card,Pending,2024-02-14
406,406,Debit Card,Completed,2024-03-07
407,407,Credit Card,Failed,2024-05-24
408,408,Debit Card,Pending,2024-07-08
409,409,Debit Card,Failed,2024-07-14
410,410,UPI,Failed,2024-02-17
411,411,Credit Card,Failed,2024-02-12
412,412,UPI,Pending,2024-02-03
413,413,Credit Card,Pending,2024-05-30
414,414,Bank Transfer,Failed,2024-04-30
415,415,UPI,Failed,2024-04-19
416,416,UPI,Completed,2024-05-17
417,417,Bank Transfer,Failed,2024-01-18
418,418,UPI,Failed,2024-05-12
419,419,UPI,Pending,2024-06-09
420,420,PayPal,Pending,2024-04-27
421,421,PayPal,Completed,2024-05-17
422,422,UPI,Completed,2024-02-27
423,423,PayPal,Completed,2024-06-19
424,424,PayPal,Pending,2024-05-08
425,425,Bank Transfer,Completed,2024-06-20
426,426,Bank Transfer,Pending,2024-06-01
427,427,Debit Card,Completed,2024-04-01
428,428,Debit Card,Completed,2024-03-12
429,429,Bank Transfer,Completed,2024-01-25
430,430,UPI,Completed,2024-05-23
431,431,PayPal,Failed,2024-05-26
432,432,Bank Transfer,Completed,2024-03-16
433,433,PayPal,Failed,2024-03-15
434,434,UPI,Completed,2024-06-25
435,435,Debit Card,Completed,2024-05-22
436,436,Credit Card,Failed,2024-06-10
437,437,Debit Card,Failed,2024-04-01
438,438,UPI,Failed,2024-02-21
439,439,UPI,Completed,2024-03-31
440,440,PayPal,Failed,2024-06-17
441,441,Bank Transfer,Completed,2024-04-28
442,442,PayPal,Completed,2024-07-18
443,443,Debit Card,Completed,2024-01-06
444,444,Debit Card,Failed,2024-01-15
445,445,Debit Card,Pending,2024-02-19
446,446,Credit Card,Pending,2024-01-07
447,447,Bank Transfer,Failed,2024-02-07
448,448,UPI,Failed,2024-03-15
449,449,Debit Card,Completed,2024-02-03
450,450,Credit Card,Completed,2024-01-03
451,451,Bank Transfer,Completed,2024-03-09
452,452,Debit Card,Completed,2024-05-28
453,453,UPI,Pending,2024-06-16
454,454,PayPal,Pending,2024-01-04
455,455,Bank Transfer,Failed,2024-07-11
456,456,Debit Card,Completed,2024-02-22
457,457,UPI,Completed,2024-04-21
458,458,Credit Card,Completed,2024-05-20
459,459,Debit Card,Pending,2024-03-15
460,460,Debit Card,Completed,2024-05-17
461,461,Bank Transfer,Pending,2024-05-16
462,462,UPI,Pending,2024-03-29
463,463,Debit Card,Pending,2024-02-07
464,464,Debit Card,Failed,2024-03-01
465,465,Credit Card,Pending,2024-02-12
466,466,Credit Card,Pending,2024-04-19
467,467,Debit Card,Pending,2024-01-07
468,468,Credit Card,Pending,2024-05-11
469,469,UPI,Failed,2024-03-02
470,470,UPI,Failed,2024-05-21
471,471,Credit Card,Completed,2024-04-08
472,472,PayPal,Failed,2024-03-08
473,473,Debit Card,Completed,2024-04-02
474,474,Credit Card,Failed,2024-01-28
475,475,PayPal,Completed,2024-01-17
476,476,Bank Transfer,Pending,2024-05-05
477,477,Debit Card,Completed,2024-07-15
478,478,PayPal,Pending,2024-03-26
479,479,Credit Card,Pending,2024-03-24
480,480,Credit Card,Completed,2024-07-07
481,481,Bank Transfer,Failed,2024-06-14
482,482,Debit Card,Failed,2024-05-30
483,483,UPI,Pending,2024-06-13
484,484,Debit Card,Failed,2024-05-13
485,485,Credit Card,Completed,2024-07-10
486,486,UPI,Completed,2024-02-28
487,487,UPI,Failed,2024-04-05
488,488,UPI,Failed,2024-02-24
489,489,UPI,Failed,2024-06-27
490,490,Bank Transfer,Failed,2024-03-15
491,491,Bank Transfer,Pending,2024-04-10
492,492,Credit Card,Pending,2024-03-04
493,493,Bank Transfer,Pending,2024-06-12
494,494,Bank Transfer,Completed,2024-02-26
495,495,Credit Card,Failed,2024-06-25
496,496,UPI,Completed,2024-06-26
497,497,Credit Card,Completed,2024-04-26
498,498,Debit Card,Pending,2024-06-18
499,499,UPI,Completed,2024-03-30
500,500,Credit Card,Completed,2024-04-16
501,501,Bank Transfer,Pending,2024-07-17
502,502,Bank Transfer,Completed,2024-03-07
503,503,UPI,Failed,2024-03-21
504,504,PayPal,Pending,2024-03-23
505,505,Bank Transfer,Pending,2024-03-14
506,506,PayPal,Completed,2024-03-07
507,507,Credit Card,Pending,2024-06-19
508,508,PayPal,Completed,2024-03-17
509,509,PayPal,Completed,2024-01-23
510,510,PayPal,Pending,2024-02-13
511,511,PayPal,Pending,2024-05-24
512,512,Debit Card,Pending,2024-06-14
513,513,Debit Card,Completed,2024-03-26
514,514,Bank Transfer,Failed,2024-03-27
515,515,UPI,Pending,2024-03-04
516,516,Credit Card,Completed,2024-06-24
517,517,PayPal,Pending,2024-01-21
518,518,Credit Card,Failed,2024-01-02
519,519,Bank Transfer,Pending,2024-04-21
520,520,PayPal,Pending,2024-04-21
521,521,PayPal,Failed,2024-06-15
522,522,PayPal,Failed,2024-04-09
523,523,Bank Transfer,Failed,2024-04-17
524,524,Debit Card,Pending,2024-03-16
525,525,Credit Card,Completed,2024-04-02
526,526,UPI,Pending,2024-03-06
527,527,Credit Card,Failed,2024-05-17
528,528,PayPal,Pending,2024-06-23
529,529,Debit Card,Completed,2024-05-04
530,530,UPI,Failed,2024-02-06
531,531,Bank Transfer,Completed,2024-04-09
532,532,Debit Card,Failed,2024-02-11
533,533,PayPal,Failed,2024-01-22
534,534,PayPal,Completed,2024-01-10
535,535,PayPal,Failed,2024-04-01
536,536,PayPal,Failed,2024-04-22
537,537,PayPal,Failed,2024-06-21
538,538,UPI,Completed,2024-05-11
539,539,PayPal,Failed,2024-07-14
540,540,UPI,Failed,2024-06-28
541,541,Debit Card,Failed,2024-03-15
542,542,UPI,Pending,2024-05-10
543,543,PayPal,Completed,2024-03-22
544,544,Credit Card,Failed,2024-06-19
545,545,Bank Transfer,Pending,2024-01-01
546,546,PayPal,Completed,2024-01-30
547,547,Credit Card,Pending,2024-01-19
548,548,UPI,Pending,2024-01-09
549,549,Bank Transfer,Failed,2024-03-17
550,550,PayPal,Pending,2024-01-24
551,551,Debit Card,Failed,2024-01-12
552,552,Credit Card,Failed,2024-04-22
553,553,Credit Card,Completed,2024-01-16
554,554,Debit Card,Completed,2024-01-01
555,555,Debit Card,Failed,2024-06-02
556,556,PayPal,Failed,2024-04-01
557,557,Credit Card,Completed,2024-04-26
558,558,Debit Card,Completed,2024-04-15
559,559,PayPal,Failed,2024-03-02
560,560,Debit Card,Pending,2024-06-04
561,561,PayPal,Pending,2024-02-22
562,562,Bank Transfer,Pending,2024-03-31
563,563,PayPal,Completed,2024-02-25
564,564,UPI,Completed,2024-04-03
565,565,Bank Transfer,Failed,2024-06-07
566,566,UPI,Completed,2024-06-22
567,567,Credit Card,Failed,2024-04-14
568,568,PayPal,Completed,2024-04-03
569,569,PayPal,Completed,2024-01-16
570,570,Debit Card,Completed,2024-05-27
571,571,Bank Transfer,Pending,2024-06-28
572,572,Bank Transfer,Completed,2024-07-09
573,573,Bank Transfer,Completed,2024-04-23
574,574,Debit Card,Completed,2024-05-06
575,575,PayPal,Pending,2024-02-23
576,576,UPI,Failed,2024-01-24
577,577,Credit Card,Completed,2024-01-04
578,578,UPI,Failed,2024-05-02
579,579,Bank Transfer,Completed,2024-06-25
580,580,Bank Transfer,Pending,2024-04-08
581,581,PayPal,Completed,2024-05-30
582,582,Bank Transfer,Failed,2024-01-02
583,583,Credit Card,Failed,2024-01-11
584,584,Credit Card,Completed,2024-01-24
585,585,Debit Card,Pending,2024-01-30
586,586,PayPal,Failed,2024-02-27
587,587,UPI,Completed,2024-02-06
588,588,UPI,Completed,2024-07-13
589,589,Bank Transfer,Failed,2024-01-21
590,590,Bank Transfer,Pending,2024-01-10
591,591,Credit Card,Pending,2024-03-27
592,592,Bank Transfer,Completed,2024-02-16
593,593,UPI,Completed,2024-04-24
594,594,UPI,Failed,2024-07-03
595,595,PayPal,Failed,2024-02-28
596,596,Debit Card,Completed,2024-07-04
597,597,PayPal,Pending,2024-01-05
598,598,Debit Card,Completed,2024-03-06
599,599,Bank Transfer,Completed,2024-05-12
600,600,PayPal,Failed,2024-07-16
601,601,Debit Card,Completed,2024-02-02
602,602,PayPal,Pending,2024-03-18
603,603,Bank Transfer,Failed,2024-02-27
604,604,Bank Transfer,Completed,2024-06-25
605,605,PayPal,Completed,2024-02-12
606,606,PayPal,Pending,2024-07-18
607,607,Credit Card,Completed,2024-01-24
608,608,Debit Card,Failed,2024-03-01
609,609,Debit Card,Pending,2024-05-07
610,610,Debit Card,Completed,2024-07-15
611,611,Bank Transfer,Completed,2024-01-23
612,612,Credit Card,Completed,2024-07-07
613,613,Bank Transfer,Pending,2024-04-15
614,614,UPI,Pending,2024-05-29
615,615,UPI,Pending,2024-01-08
616,616,Credit Card,Completed,2024-01-13
617,617,Bank Transfer,Pending,2024-03-02
618,618,UPI,Completed,2024-05-15
619,619,PayPal,Pending,2024-03-14
620,620,Credit Card,Failed,2024-01-18
621,621,Debit Card,Pending,2024-02-01
622,622,PayPal,Pending,2024-01-09
623,623,PayPal,Failed,2024-02-12
624,624,UPI,Failed,2024-04-09
625,625,UPI,Failed,2024-03-08
626,626,Credit Card,Failed,2024-02-02
627,627,Bank Transfer,Completed,2024-03-02
628,628,Debit Card,Failed,2024-01-05
629,629,Bank Transfer,Failed,2024-04-24
630,630,PayPal,Completed,2024-05-21
631,631,UPI,Completed,2024-06-17
632,632,Credit Card,Completed,2024-06-07
633,633,PayPal,Pending,2024-03-16
634,634,PayPal,Completed,2024-06-10
635,635,Credit Card,Completed,2024-04-19
636,636,PayPal,Completed,2024-03-31
637,637,Debit Card,Pending,2024-05-26
638,638,UPI,Completed,2024-01-25
639,639,PayPal,Pending,2024-02-17
640,640,Credit Card,Pending,2024-06-10
641,641,Credit Card,Completed,2024-07-01
642,642,UPI,Completed,2024-02-03
643,643,UPI,Pending,2024-03-02
644,644,Credit Card,Failed,2024-03-13
645,645,Bank Transfer,Failed,2024-05-27
646,646,Credit Card,Pending,2024-06-26
647,647,PayPal,Failed,2024-02-06
648,648,Bank Transfer,Completed,2024-06-30
649,649,Credit Card,Failed,2024-04-29
650,650,Debit Card,Completed,2024-03-12
651,651,UPI,Pending,2024-02-19
652,652,Bank Transfer,Completed,2024-02-23
653,653,Bank Transfer,Pending,2024-01-14
654,654,PayPal,Completed,2024-07-18
655,655,Debit Card,Failed,2024-03-08
656,656,Bank Transfer,Completed,2024-03-20
657,657,PayPal,Failed,2024-07-14
658,658,Bank Transfer,Pending,2024-07-17
659,659,Debit Card,Failed,2024-06-09
660,660,PayPal,Pending,2024-02-22
661,661,Credit Card,Failed,2024-01-26
662,662,Debit Card,Pending,2024-04-16
663,663,PayPal,Completed,2024-06-24
664,664,PayPal,Pending,2024-04-18
665,665,UPI,Failed,2024-07-13
666,666,PayPal,Failed,2024-03-29
667,667,Debit Card,Completed,2024-03-27
668,668,Credit Card,Completed,2024-05-15
669,669,PayPal,Failed,2024-07-14
670,670,UPI,Pending,2024-05-12
671,671,Credit Card,Pending,2024-05-02
672,672,Credit Card,Completed,2024-03-16
673,673,UPI,Completed,2024-02-08
674,674,PayPal,Completed,2024-07-14
675,675,Bank Transfer,Completed,2024-06-09
676,676,Credit Card,Failed,2024-01-10
677,677,Debit Card,Pending,2024-06-05
678,678,UPI,Failed,2024-02-06
679,679,Bank Transfer,Pending,2024-02-11
680,680,PayPal,Completed,2024-05-01
681,681,Bank Transfer,Failed,2024-05-01
682,682,Bank Transfer,Completed,2024-02-19
683,683,UPI,Failed,2024-06-18
684,684,Credit Card,Failed,2024-01-10
685,685,Bank Transfer,Failed,2024-05-31
686,686,PayPal,Completed,2024-01-29
687,687,PayPal,Pending,2024-05-11
688,688,UPI,Failed,2024-07-05
689,689,Debit Card,Completed,2024-06-18
690,690,Debit Card,Completed,2024-01-25
691,691,Debit Card,Pending,2024-06-28
692,692,PayPal,Pending,2024-03-06
693,693,UPI,Failed,2024-05-12
694,694,Bank Transfer,Completed,2024-01-28
695,695,UPI,Pending,2024-05-31
696,696,Credit Card,Completed,2024-03-21
697,697,Credit Card,Completed,2024-05-16
698,698,Bank Transfer,Completed,2024-04-27
699,699,Credit Card,Completed,2024-01-07
700,700,Credit Card,Pending,2024-06-05
701,701,UPI,Failed,2024-05-03
702,702,PayPal,Pending,2024-01-15
703,703,Credit Card,Failed,2024-01-04
704,704,Debit Card,Pending,2024-03-13
705,705,UPI,Pending,2024-07-16
706,706,Debit Card,Completed,2024-01-13
707,707,Debit Card,Failed,2024-01-10
708,708,Debit Card,Completed,2024-03-28
709,709,Debit Card,Pending,2024-02-06
710,710,Bank Transfer,Failed,2024-03-21
711,711,Credit Card,Failed,2024-04-23
712,712,Debit Card,Completed,2024-01-27
713,713,Bank Transfer,Completed,2024-05-21
714,714,Bank Transfer,Completed,2024-02-14
715,715,Credit Card,Completed,2024-03-04
716,716,Credit Card,Completed,2024-01-17
717,717,Credit Card,Failed,2024-05-06
718,718,Bank Transfer,Failed,2024-06-25
719,719,PayPal,Completed,2024-04-29
720,720,UPI,Pending,2024-06-19
721,721,Credit Card,Completed,2024-04-27
722,722,Credit Card,Failed,2024-03-07
723,723,Credit Card,Pending,2024-05-11
724,724,UPI,Pending,2024-05-15
725,725,Credit Card,Completed,2024-04-20
726,726,Debit Card,Pending,2024-05-07
727,727,PayPal,Pending,2024-03-15
728,728,Credit Card,Failed,2024-04-22
729,729,Bank Transfer,Completed,2024-03-07
730,730,Debit Card,Failed,2024-03-05
731,731,PayPal,Completed,2024-03-22
732,732,Credit Card,Completed,2024-05-16
733,733,Debit Card,Completed,2024-04-30
734,734,UPI,Completed,2024-05-28
735,735,Debit Card,Completed,2024-05-11
736,736,Bank Transfer,Completed,2024-07-11
737,737,UPI,Failed,2024-02-19
738,738,Bank Transfer,Completed,2024-07-06
739,739,UPI,Completed,2024-01-20
740,740,Credit Card,Completed,2024-04-15
741,741,Debit Card,Pending,2024-03-12
742,742,Credit Card,Failed,2024-01-07
743,743,Bank Transfer,Completed,2024-05-20
744,744,UPI,Pending,2024-04-07
745,745,Bank Transfer,Pending,2024-06-19
746,746,PayPal,Completed,2024-07-05
747,747,PayPal,Pending,2024-06-10
748,748,PayPal,Completed,2024-06-01
749,749,Debit Card,Completed,2024-06-30
750,750,Bank Transfer,Pending,2024-04-08
751,751,Credit Card,Failed,2024-05-16
752,752,Credit Card,Failed,2024-06-26
753,753,PayPal,Pending,2024-05-12
754,754,Debit Card,Completed,2024-02-09
755,755,UPI,Pending,2024-03-09
756,756,PayPal,Completed,2024-02-26
757,757,Bank Transfer,Failed,2024-05-03
758,758,Credit Card,Failed,2024-02-09
759,759,UPI,Pending,2024-03-02
760,760,Bank Transfer,Failed,2024-01-18
761,761,Debit Card,Pending,2024-05-05
762,762,Debit Card,Completed,2024-05-09
763,763,Debit Card,Failed,2024-01-06
764,764,Debit Card,Completed,2024-04-29
765,765,UPI,Failed,2024-02-18
766,766,UPI,Failed,2024-05-22
767,767,Credit Card,Failed,2024-01-16
768,768,Debit Card,Completed,2024-06-20
769,769,Credit Card,Pending,2024-03-17
770,770,Bank Transfer,Failed,2024-01-07
771,771,PayPal,Pending,2024-04-18
772,772,Debit Card,Completed,2024-06-02
773,773,Debit Card,Completed,2024-03-10
774,774,Credit Card,Completed,2024-03-18
775,775,Debit Card,Failed,2024-06-03
776,776,Credit Card,Completed,2024-06-18
777,777,Bank Transfer,Pending,2024-03-26
778,778,Bank Transfer,Completed,2024-06-09
779,779,UPI,Completed,2024-06-13
780,780,Bank Transfer,Pending,2024-04-05
781,781,Debit Card,Completed,2024-02-26
782,782,PayPal,Pending,2024-02-14
783,783,Bank Transfer,Completed,2024-03-08
784,784,Credit Card,Completed,2024-04-10
785,785,UPI,Pending,2024-01-25
786,786,UPI,Completed,2024-01-23
787,787,Debit Card,Failed,2024-06-11
788,788,Debit Card,Failed,2024-02-16
789,789,PayPal,Completed,2024-01-16
790,790,Debit Card,Pending,2024-07-06
791,791,Debit Card,Failed,2024-05-07
792,792,UPI,Completed,2024-05-01
793,793,Bank Transfer,Failed,2024-07-01
794,794,UPI,Completed,2024-04-26
795,795,Bank Transfer,Failed,2024-05-15
796,796,Debit Card,Failed,2024-04-19
797,797,UPI,Failed,2024-01-01
798,798,UPI,Failed,2024-05-15
799,799,Bank Transfer,Completed,2024-03-31
800,800,PayPal,Pending,2024-04-19
801,801,Bank Transfer,Completed,2024-03-19
802,802,Bank Transfer,Completed,2024-06-09
803,803,Debit Card,Completed,2024-04-15
804,804,PayPal,Pending,2024-01-20
805,805,Debit Card,Failed,2024-05-07
806,806,Credit Card,Failed,2024-01-11
807,807,UPI,Completed,2024-06-26
808,808,Credit Card,Failed,2024-01-09
809,809,Debit Card,Pending,2024-04-13
810,810,Bank Transfer,Completed,2024-05-14
811,811,UPI,Completed,2024-02-20
812,812,UPI,Failed,2024-02-21
813,813,UPI,Failed,2024-07-17
814,814,PayPal,Pending,2024-07-04
815,815,PayPal,Failed,2024-04-30
816,816,Debit Card,Pending,2024-05-29
817,817,PayPal,Failed,2024-03-24
818,818,UPI,Pending,2024-05-21
819,819,Bank Transfer,Failed,2024-01-31
820,820,Bank Transfer,Failed,2024-03-07
821,821,PayPal,Pending,2024-04-25
822,822,PayPal,Failed,2024-02-09
823,823,Credit Card,Pending,2024-02-16
824,824,Credit Card,Pending,2024-05-16
825,825,Debit Card,Completed,2024-05-26
826,826,Credit Card,Completed,2024-02-11
827,827,PayPal,Pending,2024-03-07
828,828,Bank Transfer,Completed,2024-06-22
829,829,Debit Card,Failed,2024-06-04
830,830,UPI,Pending,2024-04-20
831,831,UPI,Pending,2024-01-26
832,832,Debit Card,Completed,2024-03-14
833,833,Debit Card,Pending,2024-07-05
834,834,UPI,Failed,2024-02-24
835,835,UPI,Completed,2024-02-21
836,836,Debit Card,Pending,2024-05-25
837,837,PayPal,Completed,2024-03-11
838,838,Bank Transfer,Failed,2024-05-19
839,839,Debit Card,Pending,2024-06-23
840,840,Credit Card,Failed,2024-02-17
841,841,Debit Card,Failed,2024-02-25
842,842,Debit Card,Failed,2024-01-08
843,843,Bank Transfer,Pending,2024-02-11
844,844,UPI,Pending,2024-06-09
845,845,PayPal,Pending,2024-04-24
846,846,Bank Transfer,Pending,2024-05-03
847,847,Debit Card,Pending,2024-07-11
848,848,UPI,Failed,2024-04-25
849,849,Debit Card,Completed,2024-02-07
850,850,Credit Card,Pending,2024-06-09
851,851,UPI,Completed,2024-05-26
852,852,PayPal,Pending,2024-01-11
853,853,Debit Card,Pending,2024-06-06
854,854,PayPal,Failed,2024-04-02
855,855,Bank Transfer,Failed,2024-07-03
856,856,Debit Card,Completed,2024-02-04
857,857,PayPal,Failed,2024-04-26
858,858,UPI,Pending,2024-02-16
859,859,Credit Card,Failed,2024-06-17
860,860,Credit Card,Pending,2024-02-19
861,861,UPI,Failed,2024-06-30
862,862,UPI,Pending,2024-02-26
863,863,PayPal,Completed,2024-07-10
864,864,Debit Card,Failed,2024-01-01
865,865,Credit Card,Failed,2024-07-14
866,866,Bank Transfer,Completed,2024-07-02
867,867,UPI,Failed,2024-01-14
868,868,Debit Card,Pending,2024-02-01
869,869,Credit Card,Pending,2024-03-23
870,870,PayPal,Pending,2024-06-19
871,871,Credit Card,Pending,2024-05-11
872,872,Credit Card,Pending,2024-03-20
873,873,PayPal,Failed,2024-05-08
874,874,Bank Transfer,Failed,2024-03-26
875,875,Bank Transfer,Completed,2024-01-16
876,876,UPI,Completed,2024-07-14
877,877,Bank Transfer,Pending,2024-03-01
878,878,Debit Card,Pending,2024-05-18
879,879,PayPal,Failed,2024-04-02
880,880,Bank Transfer,Pending,2024-04-28
881,881,Debit Card,Pending,2024-02-15
882,882,UPI,Pending,2024-03-19
883,883,UPI,Failed,2024-05-08
884,884,UPI,Failed,2024-06-13
885,885,UPI,Failed,2024-02-20
886,886,PayPal,Completed,2024-06-09
887,887,UPI,Failed,2024-03-13
888,888,PayPal,Pending,2024-05-09
889,889,Debit Card,Failed,2024-05-13
890,890,Bank Transfer,Pending,2024-06-03
891,891,PayPal,Failed,2024-05-19
892,892,Bank Transfer,Failed,2024-06-07
893,893,Bank Transfer,Failed,2024-05-19
894,894,UPI,Completed,2024-04-18
895,895,PayPal,Completed,2024-01-09
896,896,UPI,Failed,2024-04-20
897,897,Bank Transfer,Failed,2024-01-19
898,898,PayPal,Completed,2024-05-14
899,899,Credit Card,Pending,2024-05-25
900,900,Bank Transfer,Pending,2024-05-28
901,901,Bank Transfer,Completed,2024-05-09
902,902,UPI,Pending,2024-04-26
903,903,Bank Transfer,Failed,2024-05-19
904,904,UPI,Completed,2024-05-12
905,905,Debit Card,Pending,2024-03-21
906,906,Credit Card,Completed,2024-05-17
907,907,UPI,Completed,2024-06-03
908,908,Bank Transfer,Failed,2024-06-22
909,909,UPI,Failed,2024-01-12
910,910,Debit Card,Failed,2024-07-16
911,911,PayPal,Pending,2024-04-12
912,912,Bank Transfer,Pending,2024-06-13
913,913,Credit Card,Pending,2024-05-28
914,914,Credit Card,Completed,2024-05-12
915,915,Bank Transfer,Pending,2024-02-29
916,916,Bank Transfer,Pending,2024-02-14
917,917,UPI,Completed,2024-05-29
918,918,Debit Card,Completed,2024-06-05
919,919,Bank Transfer,Pending,2024-05-17
920,920,Credit Card,Pending,2024-06-22
921,921,Debit Card,Pending,2024-04-29
922,922,PayPal,Completed,2024-03-14
923,923,Bank Transfer,Pending,2024-05-28
924,924,Credit Card,Failed,2024-05-16
925,925,Credit Card,Completed,2024-02-16
926,926,Credit Card,Failed,2024-03-09
927,927,Credit Card,Pending,2024-05-02
928,928,Credit Card,Pending,2024-04-17
929,929,PayPal,Failed,2024-03-06
930,930,Bank Transfer,Completed,2024-01-31
931,931,Bank Transfer,Failed,2024-07-01
932,932,Bank Transfer,Failed,2024-02-28
933,933,PayPal,Completed,2024-02-04
934,934,PayPal,Completed,2024-05-16
935,935,Debit Card,Pending,2024-07-05
936,936,Credit Card,Completed,2024-04-20
937,937,UPI,Completed,2024-02-22
938,938,Bank Transfer,Completed,2024-06-26
939,939,Bank Transfer,Completed,2024-04-25
940,940,PayPal,Completed,2024-06-08
941,941,PayPal,Failed,2024-02-21
942,942,Debit Card,Failed,2024-07-04
943,943,Debit Card,Failed,2024-06-08
944,944,Credit Card,Failed,2024-05-16
945,945,Debit Card,Pending,2024-01-30
946,946,Credit Card,Pending,2024-01-04
947,947,PayPal,Completed,2024-03-24
948,948,UPI,Failed,2024-07-06
949,949,Debit Card,Pending,2024-01-06
950,950,UPI,Pending,2024-02-03
951,951,Bank Transfer,Completed,2024-04-22
952,952,Credit Card,Failed,2024-04-15
953,953,PayPal,Pending,2024-03-26
954,954,Bank Transfer,Failed,2024-02-07
955,955,PayPal,Pending,2024-03-05
956,956,Debit Card,Failed,2024-05-23
957,957,UPI,Failed,2024-07-01
958,958,UPI,Pending,2024-04-12
959,959,UPI,Failed,2024-05-05
960,960,Debit Card,Completed,2024-03-31
961,961,Credit Card,Failed,2024-02-04
962,962,PayPal,Failed,2024-05-04
963,963,UPI,Pending,2024-03-26
964,964,Debit Card,Failed,2024-06-07
965,965,Credit Card,Pending,2024-06-04
966,966,PayPal,Failed,2024-05-06
967,967,Debit Card,Failed,2024-06-24
968,968,Credit Card,Failed,2024-03-28
969,969,Bank Transfer,Completed,2024-02-18
970,970,Debit Card,Pending,2024-05-24
971,971,Debit Card,Completed,2024-06-05
972,972,Credit Card,Pending,2024-03-13
973,973,UPI,Failed,2024-01-31
974,974,Credit Card,Completed,2024-01-13
975,975,PayPal,Pending,2024-05-25
976,976,PayPal,Pending,2024-03-12
977,977,UPI,Failed,2024-05-15
978,978,Debit Card,Completed,2024-04-07
979,979,Credit Card,Pending,2024-05-12
980,980,Bank Transfer,Completed,2024-06-30
981,981,Bank Transfer,Failed,2024-04-02
982,982,Bank Transfer,Completed,2024-01-20
983,983,Credit Card,Failed,2024-07-09
984,984,Bank Transfer,Failed,2024-07-16
985,985,UPI,Pending,2024-04-22
986,986,UPI,Pending,2024-05-26
987,987,Bank Transfer,Completed,2024-02-16
988,988,Credit Card,Failed,2024-04-16
989,989,Debit Card,Pending,2024-01-28
990,990,Debit Card,Pending,2024-03-03
991,991,Bank Transfer,Pending,2024-06-25
992,992,UPI,Failed,2024-04-07
993,993,PayPal,Completed,2024-03-02
994,994,Credit Card,Pending,2024-04-15
995,995,Debit Card,Completed,2024-04-07
996,996,UPI,Pending,2024-02-10
997,997,Credit Card,Completed,2024-05-25
998,998,Bank Transfer,Pending,2024-03-19
999,999,UPI,Failed,2024-02-15
1000,1000,UPI,Completed,2024-01-16
